critical_findings,high_findings,medium_findings,weak_tls_version,weak_cipher,no_forward_secrecy,weak_public_key,expired_certificate,invalid_certificate_chain,weak_signature_algorithm,starttls_missing,risk_label
0,0,0,0,0,0,0,0,0,0,0,LOW
0,0,0,0,0,0,0,0,0,0,1,HIGH
0,1,0,0,0,0,0,0,0,0,0,HIGH
0,0,1,0,0,0,0,0,0,0,0,MEDIUM
1,0,0,0,0,0,0,0,0,0,0,CRITICAL
0,0,0,1,0,0,0,0,0,0,0,MEDIUM
0,0,0,0,1,0,0,0,0,0,0,MEDIUM
0,0,0,0,0,1,0,0,0,0,0,MEDIUM
0,0,0,0,0,0,1,0,0,0,0,MEDIUM
0,0,0,0,0,0,0,1,0,0,0,HIGH
0,0,0,0,0,0,0,0,1,0,0,HIGH
0,0,0,0,0,0,0,0,0,1,0,HIGH
0,1,1,0,0,0,0,0,0,0,0,HIGH
0,0,0,1,1,0,0,0,0,0,0,HIGH
1,1,0,0,0,0,0,0,0,0,0,CRITICAL
0,0,0,0,0,0,0,0,0,0,0,LOW
0,0,0,0,0,0,0,0,0,0,1,HIGH
0,0,1,1,0,0,0,0,0,0,0,HIGH
0,0,1,0,1,0,0,0,0,0,0,HIGH
0,0,1,0,0,1,0,0,0,0,0,MEDIUM
0,0,1,0,0,0,1,0,0,0,0,MEDIUM
0,0,1,0,0,0,0,1,0,0,0,HIGH
0,0,1,0,0,0,0,0,1,0,0,HIGH
0,0,1,0,0,0,0,0,0,1,0,HIGH
0,0,0,1,1,1,0,0,0,0,0,HIGH
0,0,0,1,0,1,0,0,0,0,0,HIGH
0,0,0,0,1,1,0,0,0,0,0,HIGH
0,0,0,1,0,0,1,0,0,0,0,HIGH
0,0,0,0,1,0,1,0,0,0,0,HIGH
0,0,0,0,0,1,1,0,0,0,0,HIGH
0,0,0,0,0,0,1,1,0,0,0,HIGH
0,0,0,0,0,0,0,1,1,0,0,HIGH
0,0,0,0,0,0,0,0,1,1,0,HIGH
0,0,0,0,0,0,0,0,0,1,1,HIGH
0,1,0,1,0,0,0,0,0,0,0,HIGH
0,1,0,0,1,0,0,0,0,0,0,HIGH
0,1,0,0,0,1,0,0,0,0,0,HIGH
0,1,0,0,0,0,0,1,0,0,0,HIGH
0,1,0,0,0,0,0,0,1,0,0,HIGH
0,1,0,0,0,0,0,0,0,1,0,HIGH
1,0,1,0,0,0,0,0,0,0,0,CRITICAL
1,0,0,1,0,0,0,0,0,0,0,CRITICAL
1,0,0,0,1,0,0,0,0,0,0,CRITICAL
1,0,0,0,0,1,0,0,0,0,0,CRITICAL
1,0,0,0,0,0,0,1,0,0,0,CRITICAL
1,0,0,0,0,0,0,0,1,0,0,CRITICAL
1,0,0,0,0,0,0,0,0,1,0,CRITICAL
0,0,0,1,1,0,0,0,0,0,1,HIGH
0,0,1,0,0,0,0,0,0,0,1,HIGH
1,1,1,1,1,1,1,1,1,1,1,CRITICAL
0,1,0,1,0,0,0,1,0,0,0,CRITICAL
0,1,0,0,1,0,0,0,0,0,1,CRITICAL
0,1,0,0,1,0,0,1,0,0,0,CRITICAL
0,0,0,1,0,0,0,1,0,0,1,CRITICAL
0,0,0,1,1,0,0,1,0,0,1,CRITICAL